language,time(ms)
php,2.6859619140625
bun(TypeScript),0.3035752000000002
bun(JavaScript),0.25372520000000004
Python3.10,2.775907516479492
